name,type,dnasequence
BydvJ,ribozyme,CTGAagGGTGTCTCAAGGTGCGTACCTTGACTGATGAGTCCGAAAGGACGAAACACCcctctacaaataattttgtttaa
A1,rbs,AATGTTCCCTAATAATCAGCAAAGAGGTTACTAG
AmtR,cds,ATGGCAGGCGCAGTTGGTCGTCCGCGTCGTAGTGCACCGCGTCGTGCAGGTAAAAATCCGCGTGAAGAAATTCTGGATGCAAGCGCAGAACTGTTTACCCGTCAGGGTTTTGCAACCACCAGTACCCATCAGATTGCAGATGCAGTTGGTATTCGTCAGGCAAGCCTGTATTATCATTTTCCGAGCAAAACCGAAATCTTTCTGACCCTGCTGAAAAGCACCGTTGAACCGAGCACCGTTCTGGCAGAAGATCTGAGCACCCTGGATGCAGGTCCGGAAATGCGTCTGTGGGCAATTGTTGCAAGCGAAGTTCGTCTGCTGCTGAGCACCAAATGGAATGTTGGTCGTCTGTATCAGCTGCCGATTGTTGGTAGCGAAGAATTTGCAGAATATCATAGCCAGCGTGAAGCACTGACCAATGTTTTTCGTGATCTGGCAACCGAAATTGTTGGTGATGATCCGCGTGCAGAACTGCCGTTTCATATTACCATGAGCGTTATTGAAATGCGTCGCAATGATGGTAAAATTCCGAGTCCGCTGAGCGCAGATAGCCTGCCGGAAACCGCAATTATGCTGGCAGATGCAAGCCTGGCAGTTCTGGGTGCACCGCTGCCTGCAGATCGTGTTGAAAAAACCCTGGAACTGATTAAACAGGCAGATGCAAAATAA
L3S2P55,terminator,CTCGGTACCAAAGACGAACAATAAGACGCTGAAAAGCGTCTTTTTTCGTTTTGGTCC
pAmtR,promoter,CTTGTCCAACCAAATGATTCGTTACCAATTGACAGTTTCTATCGATCTATAGATAATGCTAGC
SarJ,ribozyme,CTGAGACTGTCGCCGGATGTGTATCCGACCTGACGATGGCCCAAAAGGGCCGAAACAGTCCTCTACAAATAATTTTGTTTAA
B1,rbs,CTATGGACTATGTTTTAACTACTAG
BM3R1,cds,ATGGAAAGCACCCCGACCAAACAGAAAGCAATTTTTAGCGCAAGCCTGCTGCTGTTTGCAGAACGTGGTTTTGATGCAACCACCATGCCGATGATTGCAGAAAATGCAAAAGTTGGTGCAGGCACCATTTATCGCTATTTCAAAAACAAAGAAAGCCTGGTGAACGAACTGTTTCAGCAGCATGTTAATGAATTTCTGCAGTGTATTGAAAGCGGTCTGGCAAATGAACGTGATGGTTATCGTGATGGCTTTCATCACATTTTTGAAGGTATGGTGACCTTTACCAAAAATCATCCGCGTGCACTGGGTTTTATCAAAACCCATAGCCAGGGCACCTTTCTGACCGAAGAAAGCCGTCTGGCATATCAGAAACTGGTTGAATTTGTGTGCACCTTTTTTCGTGAAGGTCAGAAACAGGGTGTGATTCGTAATCTGCCGGAAAATGCACTGATTGCAATTCTGTTTGGCAGCTTTATGGAAGTGTATGAAATGATCGAGAACGATTATCTGAGCCTGACCGATGAACTGCTGACCGGTGTTGAAGAAAGCCTGTGGGCAGCACTGAGCCGTCAGAGCTAA
L3S2P11,terminator,CTCGGTACCAAATTCCAGAAAAGAGACGCTTTCGAGCGTCTTTTTTCGTTTTGGTCC
pBM3R1,promoter,AATCCGCGTGATAGGTCTGATTCGTTACCAATTGACGGAATGAACGTTCATTCCGATAATGCTAGC
SarJ,ribozyme,CTGAGACTGTCGCCGGATGTGTATCCGACCTGACGATGGCCCAAAAGGGCCGAAACAGTCCTCTACAAATAATTTTGTTTAA
B2,rbs,CTATGGACTATGTTTTTCAAAGACGAAAAACTACTAG
BM3R1,cds,ATGGAAAGCACCCCGACCAAACAGAAAGCAATTTTTAGCGCAAGCCTGCTGCTGTTTGCAGAACGTGGTTTTGATGCAACCACCATGCCGATGATTGCAGAAAATGCAAAAGTTGGTGCAGGCACCATTTATCGCTATTTCAAAAACAAAGAAAGCCTGGTGAACGAACTGTTTCAGCAGCATGTTAATGAATTTCTGCAGTGTATTGAAAGCGGTCTGGCAAATGAACGTGATGGTTATCGTGATGGCTTTCATCACATTTTTGAAGGTATGGTGACCTTTACCAAAAATCATCCGCGTGCACTGGGTTTTATCAAAACCCATAGCCAGGGCACCTTTCTGACCGAAGAAAGCCGTCTGGCATATCAGAAACTGGTTGAATTTGTGTGCACCTTTTTTCGTGAAGGTCAGAAACAGGGTGTGATTCGTAATCTGCCGGAAAATGCACTGATTGCAATTCTGTTTGGCAGCTTTATGGAAGTGTATGAAATGATCGAGAACGATTATCTGAGCCTGACCGATGAACTGCTGACCGGTGTTGAAGAAAGCCTGTGGGCAGCACTGAGCCGTCAGAGCTAA
L3S2P11,terminator,CTCGGTACCAAATTCCAGAAAAGAGACGCTTTCGAGCGTCTTTTTTCGTTTTGGTCC
pBM3R1,promoter,AATCCGCGTGATAGGTCTGATTCGTTACCAATTGACGGAATGAACGTTCATTCCGATAATGCTAGC
SarJ,ribozyme,CTGAGACTGTCGCCGGATGTGTATCCGACCTGACGATGGCCCAAAAGGGCCGAAACAGTCCTCTACAAATAATTTTGTTTAA
B3,rbs,CCAAACGAGGCCGGGAGG
BM3R1,cds,ATGGAAAGCACCCCGACCAAACAGAAAGCAATTTTTAGCGCAAGCCTGCTGCTGTTTGCAGAACGTGGTTTTGATGCAACCACCATGCCGATGATTGCAGAAAATGCAAAAGTTGGTGCAGGCACCATTTATCGCTATTTCAAAAACAAAGAAAGCCTGGTGAACGAACTGTTTCAGCAGCATGTTAATGAATTTCTGCAGTGTATTGAAAGCGGTCTGGCAAATGAACGTGATGGTTATCGTGATGGCTTTCATCACATTTTTGAAGGTATGGTGACCTTTACCAAAAATCATCCGCGTGCACTGGGTTTTATCAAAACCCATAGCCAGGGCACCTTTCTGACCGAAGAAAGCCGTCTGGCATATCAGAAACTGGTTGAATTTGTGTGCACCTTTTTTCGTGAAGGTCAGAAACAGGGTGTGATTCGTAATCTGCCGGAAAATGCACTGATTGCAATTCTGTTTGGCAGCTTTATGGAAGTGTATGAAATGATCGAGAACGATTATCTGAGCCTGACCGATGAACTGCTGACCGGTGTTGAAGAAAGCCTGTGGGCAGCACTGAGCCGTCAGAGCTAA
L3S2P11,terminator,CTCGGTACCAAATTCCAGAAAAGAGACGCTTTCGAGCGTCTTTTTTCGTTTTGGTCC
pBM3R1,promoter,AATCCGCGTGATAGGTCTGATTCGTTACCAATTGACGGAATGAACGTTCATTCCGATAATGCTAGC
RiboJ57,ribozyme,CTGAAGAAGTCAATTAATGTGCTTTTAATTCTGATGAGTCGGTGACGACGAAACTTCCTCTACAAATAATTTTGTTTAA
E1,rbs,CCCCCCGAGGAGTAGCAC
BetI,cds,ATGCCGAAACTGGGTATGCAGAGCATTCGTCGTCGTCAGCTGATTGATGCAACCCTGGAAGCAATTAATGAAGTTGGTATGCATGATGCAACCATTGCACAGATTGCACGTCGTGCCGGTGTTAGCACCGGTATTATTAGCCATTATTTCCGCGATAAAAACGGTCTGCTGGAAGCAACCATGCGTGATATTACCAGCCAGCTGCGTGATGCAGTTCTGAATCGTCTGCATGCACTGCCGCAGGGTAGCGCAGAACAGCGTCTGCAGGCAATTGTTGGTGGTAATTTTGATGAAACCCAGGTTAGCAGCGCAGCAATGAAAGCATGGCTGGCATTTTGGGCAAGCAGCATGCATCAGCCGATGCTGTATCGTCTGCAGCAGGTTAGCAGTCGTCGTCTGCTGAGCAATCTGGTTAGCGAATTTCGTCGTGAACTGCCTCGTGAACAGGCACAAGAGGCAGGTTATGGTCTGGCAGCACTGATTGATGGTCTGTGGCTGCGTGCAGCACTGAGCGGTAAACCGCTGGATAAAACCCGTGCAAATAGCCTGACCCGTCATTTTATCACCCAGCATCTGCCGACCGATTAA
L3S3P11,terminator,CCAATTATTGAACACCCTTCGGGGTGTTTTTTTGTTTCTGGTCTACC
pBetI,promoter,AGCGCGGGTGAGAGGGATTCGTTACCAATTGACAATTGATTGGACGTTCAATATAATGCTAGC
RiboJ54,ribozyme,CTGAAGGGGTCAGTTGATGTGCTTTCAACTCTGATGAGTCAGTGATGACGAAACCCCCTCTACAAATAATTTTGTTTAA
F1,rbs,CTATGGACTATGTTTTCACATACGAGGGGGATTAG
AmeR,cds,ATGAACAAAACCATTGATCAGGTGCGTAAAGGTGATCGTAAAAGCGATCTGCCGGTTCGTCGTCGTCCGCGTCGTAGTGCCGAAGAAACCCGTCGTGATATTCTGGCAAAAGCCGAAGAACTGTTTCGTGAACGTGGTTTTAATGCAGTTGCCATTGCAGATATTGCAAGCGCACTGAATATGAGTCCGGCAAATGTGTTTAAACATTTTAGCAGCAAAAACGCACTGGTTGATGCAATTGGTTTTGGTCAGATTGGTGTTTTTGAACGTCAGATTTGTCCGCTGGATAAAAGCCATGCACCGCTGGATCGTCTGCGTCATCTGGCACGTAATCTGATGGAACAGCATCATCAGGATCATTTCAAACACATACGGGTTTTTATTCAGATCCTGATGACCGCCAAACAGGATATGAAATGTGGCGATTATTACAAAAGCGTGATTGCAAAACTGCTGGCCGAAATTATTCGTGATGGTGTTGAAGCAGGTCTGTATATTGCAACCGATATTCCGGTTCTGGCAGAAACCGTTCTGCATGCACTGACCAGCGTTATTCATCCGGTTCTGATTGCACAAGAAGATATTGGTAATCTGGCAACCCGTTGTGATCAGCTGGTTGATCTGATTGATGCAGGTCTGCGTAATCCGCTGGCAAAATAA
L3S3P31,terminator,CCAATTATTGAACACCCTAACGGGTGTTTTTTTTTTTTTGGTCTACC
pAmeR,promoter,TCGTCACTAGAGGGCGATAGTGACAAACTTGACAACTCATCACTTCCTAGGTATAATGCTAGC
RiboJ51,ribozyme,CTGAAGTAGTCACCGGCTGTGCTTGCCGGTCTGATGAGCCTGTGAAGGCGAAACTACCTCTACAAATAATTTTGTTTAA
H1,rbs,ACCCCCGAG
HlyIIR,cds,ATGAAATACATCCTGTTTGAGGTGTGCGAAATGGGTAAAAGCCGTGAACAGACCATGGAAAATATTCTGAAAGCAGCCAAAAAGAAATTCGGCGAACGTGGTTATGAAGGCACCAGCATTCAAGAAATTACCAAAGAAGCCAAAGTTAACGTTGCAATGGCCAGCTATTACTTTAATGGCAAAGAGAACCTGTACTACGAGGTGTTCAAAAAATACGGTCTGGCAAATGAACTGCCGAACTTTCTGGAAAAAAACCAGTTTAATCCGATTAATGCCCTGCGTGAATATCTGACCGTTTTTACCACCCACATTAAAGAAAATCCGGAAATTGGCACCCTGGCCTATGAAGAAATTATCAAAGAAAGCGCACGCCTGGAAAAAATCAAACCGTATTTTATCGGCAGCTTCGAACAGCTGAAAGAAATTCTGCAAGAGGGTGAAAAACAGGGTGTGTTTCACTTTTTTAGCATCAACCATACCATCCATTGGATTACCAGCATTGTTCTGTTTCCGAAATTCAAAAAATTCATCGATAGCCTGGGTCCGAATGAAACCAATGATACCAATCATGAATGGATGCCGGAAGATCTGGTTAGCCGTATTATTAGCGCACTGACCGATAAACCGAACATTTAA
ECK120033736,terminator,aacgcatgagAAAGCCCCCGGAAGATCACCTTCCGGGGGCTTTtttattgcgc
pHlyIIR,promoter,ACCAGGAATCTGAACGATTCGTTACCAATTGACATATTTAAAATTCTTGTTTAAAatgctagc
ElvJ,ribozyme,CTGAagCCCCATAGGGTGGTGTGTACCACCCCTGATGAGTCCAAAAGGACGAAATGGGGcctctacaaataattttgtttaa
I1,rbs,ATTGCTATGGACTATGTTTCAAAGTGAGAATACTAG
IcaRA,cds,GTGAAAGACAAAATTATCGATAACGCCATCACCCTGTTTAGCGAAAAAGGTTATGACGGCACCACCCTGGATGATATTGCAAAAAGCGTGAACATCAAAAAAGCCAGCCTGTATTATCACTTTGATAGCAAAAAAAGCATCTACGAGCAGAGCGTTAAATGCTGTTTCGATTATCTGAACAACATCATCATGATGAACCAGAACAAAAGCAACTATAGCATCGATGCCCTGTATCAGTTTCTGTTTGAGTTCATCTTCGATATCGAGGAACGCTATATTCGTATGTATGTTCAGCTGAGCAACACACCGGAAGAATTTTCAGGTAACATTTATGGCCAGATCCAGGATCTGAATCAGAGCCTGAGCAAAGAAATCGCCAAATTCTATGACGAAAGCAAAATCAAAATGACCAAAGAGGACTTCCAGAATCTGATTCTGCTGTTTCTGGAAAGCTGGTATCTGAAAGCCAGCTTTAGCCAGAAATTTGGTGCAGTTGAAGAAAGCAAAAGCCAGTTTAAAGATGAGGTTTATAGCCTGCTGAACATCTTTCTGAAGAAATAA
ECK120016170,terminator,ACAATTTTCGAAAAAACCCGCTTCGGCGGGTTTTTTTATAGCTAAAA
pIcaRA,promoter,GTCAACTCATAAGATtctgattcgttaccaattgacaaTTCACCTACCTTTCGTTAGgTTAGGTTGT
PlmJ,ribozyme,CTGAAGTCATAAGTCTGGGCTAAGCCCACTGATGAGTCGCTGAAATGCGACGAAACTTATGACCTCTACAAATAATTTTGTTTAA
L1,rbs,GTCCTATGGACTTTTTCATACAGGAGAACCCTCG
LitR,cds,ATGGATACCATTCAGAAACGTCCGCGTACCCGTCTGAGTCCGGAAAAACGTAAAGAACAGCTGCTGGATATTGCCATTGAAGTTTTTAGCCAGCGTGGTATTGGTCGTGGTGGTCATGCAGATATTGCAGAAATTGCACAGGTTAGCGTTGCAACCGTGTTTAACTATTTTCCGACCCGTGAAGATCTGGTTGATGATGTTCTGAACAAAGTGGAAAACGAGTTTCACCAGTTCATCAATAACAGCATTAGCCTGGATCTGGATGTTCGTAGCAATCTGAATACCCTGCTGCTGAACATTATTGATAGCGTTCAGACCGGCAACAAATGGATTAAAGTTTGGTTTGAATGGTCAACCAGCACCCGTGATGAAGTTTGGCCTCTGTTTCTGAGCACCCATAGCAATACCAATCAGGTGATCAAAACCATGTTTGAAGAGGGTATTGAACGCAATGAAGTGTGCAATGATCATACACCGGAAAATCTGACCAAAATGCTGCATGGTATTTGCTATAGCGTGTTTATTCAGGCCAATCGTAATAGCAGCAGCGAAGAAATGGAAGAAACCGCAAATTGCTTTCTGAATATGCTGTGCATCTACAAATAA
L3S2P24,terminator,CTCGGTACCAAATTCCAGAAAAGACACCCGAAAGGGTGTTTTTTCGTTTTGGTCC
pLitR,promoter,CGAGCGTAGAGCTTAgattcgttaccaatTGACAAATTTATAAATTGTCAgtacagtcctagc
RiboJ64,ribozyme,AGGAGTCAATTAATGTGCTTTTAATTCTGATGAGACGGTGACGTCGAAACTCCCTCTACAAATAATTTTGTTTAA
N1,rbs,TACGCTATGGACTATGTTTTCTGCTATGGACTATGTTTTCACACACGAGATGCCTCG
LmrA,cds,ATGAGCTATGGTGATAGCCGTGAAAAAATTCTGAGCGCAGCAACCCGTCTGTTTCAGCTGCAGGGTTATTATGGCACCGGTCTGAATCAGATTATCAAAGAAAGCGGTGCACCGAAAGGTAGCCTGTATTATCATTTTCCGGGTGGTAAAGAACAGCTGGCAATTGAAGCAGTGAACGAAATGAAAGAATATATCCGCCAGAAAATCGCCGATTGTATGGAAGCATGTACCGATCCGGCAGAAGGTATTCAGGCATTTCTGAAAGAACTGAGCTGTCAGTTTAGCTGTACCGAAGATATTGAAGGTCTGCCGGTTGGTCTGCTGGCAGCAGAAACCAGCCTGAAAAGCGAACCGCTGCGTGAAGCATGTCATGAAGCATATAAAGAATGGGCCAGCGTGTATGAAGAAAAACTGCGTCAGACCGGTTGTAGCGAAAGCCGTGCAAAAGAAGCAAGCACCGTTGTTAATGCAATGATTGAAGGTGGTATTCTGCTGAGCCTGACCGCAAAAAATAGCACACCGCTGCTGCATATTAGCAGCTGTATTCCGGATCTGCTGAAACGTTAA
ECK120010876,terminator,taaggttgaaAAATAAAAACGGCGCTAAAAAGCGCCGTTTTTTTTgacggtggta
pLmrA,promoter,CGCTCATTCACTAGGTCTGATTCGTTACCAATTGACAACTGGTGGTCGAATCAAGATAATAGACCAGTCACTATATTT
RiboJ53,ribozyme,CTGAAGCGGTCAACGCATGTGCTTTGCGTTCTGATGAGACAGTGATGTCGAAACCGCCTCTACAAATAATTTTGTTTAA
P1,rbs,CTATGGACTATGTTTGAAAGGGAGAAATACTAG
PhlF,cds,ATGGCACGTACCCCGAGCCGTAGCAGCATTGGTAGCCTGCGTAGTCCGCATACCCATAAAGCAATTCTGACCAGCACCATTGAAATCCTGAAAGAATGTGGTTATAGCGGTCTGAGCATTGAAAGCGTTGCACGTCGTGCCGGTGCAAGCAAACCGACCATTTATCGTTGGTGGACCAATAAAGCAGCACTGATTGCCGAAGTGTATGAAAATGAAAGCGAACAGGTGCGTAAATTTCCGGATCTGGGTAGCTTTAAAGCCGATCTGGATTTTCTGCTGCGTAATCTGTGGAAAGTTTGGCGTGAAACCATTTGTGGTGAAGCATTTCGTTGTGTTATTGCAGAAGCACAGCTGGACCCTGCAACCCTGACCCAGCTGAAAGATCAGTTTATGGAACGTCGTCGTGAGATGCCGAAAAAACTGGTTGAAAATGCCATTAGCAATGGTGAACTGCCGAAAGATACCAATCGTGAACTGCTGCTGGATATGATTTTTGGTTTTTGTTGGTATCGCCTGCTGACCGAACAGCTGACCGTTGAACAGGATATTGAAGAATTTACCTTCCTGCTGATTAATGGTGTTTGTCCGGGTACACAGCGTTAA
ECK120033737,terminator,GGAAACACAGAAAAAAGCCCGCACCTGACAGTGCGGGCTTTTTTTTTCGACCAAAGG
pPhlF,promoter,CGACGTACGGTGGAATCTGATTCGTTACCAATTGACATGATACGAAACGTACCGTATCGTTAAGGT
RiboJ53,ribozyme,CTGAAGCGGTCAACGCATGTGCTTTGCGTTCTGATGAGACAGTGATGTCGAAACCGCCTCTACAAATAATTTTGTTTAA
P2,rbs,GGAGCTATGGACTATGTTTGAAAGGCTGAAATACTAG
PhlF,cds,ATGGCACGTACCCCGAGCCGTAGCAGCATTGGTAGCCTGCGTAGTCCGCATACCCATAAAGCAATTCTGACCAGCACCATTGAAATCCTGAAAGAATGTGGTTATAGCGGTCTGAGCATTGAAAGCGTTGCACGTCGTGCCGGTGCAAGCAAACCGACCATTTATCGTTGGTGGACCAATAAAGCAGCACTGATTGCCGAAGTGTATGAAAATGAAAGCGAACAGGTGCGTAAATTTCCGGATCTGGGTAGCTTTAAAGCCGATCTGGATTTTCTGCTGCGTAATCTGTGGAAAGTTTGGCGTGAAACCATTTGTGGTGAAGCATTTCGTTGTGTTATTGCAGAAGCACAGCTGGACCCTGCAACCCTGACCCAGCTGAAAGATCAGTTTATGGAACGTCGTCGTGAGATGCCGAAAAAACTGGTTGAAAATGCCATTAGCAATGGTGAACTGCCGAAAGATACCAATCGTGAACTGCTGCTGGATATGATTTTTGGTTTTTGTTGGTATCGCCTGCTGACCGAACAGCTGACCGTTGAACAGGATATTGAAGAATTTACCTTCCTGCTGATTAATGGTGTTTGTCCGGGTACACAGCGTTAA
ECK120033737,terminator,GGAAACACAGAAAAAAGCCCGCACCTGACAGTGCGGGCTTTTTTTTTCGACCAAAGG
pPhlF,promoter,CGACGTACGGTGGAATCTGATTCGTTACCAATTGACATGATACGAAACGTACCGTATCGTTAAGGT
RiboJ53,ribozyme,CTGAAGCGGTCAACGCATGTGCTTTGCGTTCTGATGAGACAGTGATGTCGAAACCGCCTCTACAAATAATTTTGTTTAA
P3,rbs,CTTTACGAGGGCGATCCT
PhlF,cds,ATGGCACGTACCCCGAGCCGTAGCAGCATTGGTAGCCTGCGTAGTCCGCATACCCATAAAGCAATTCTGACCAGCACCATTGAAATCCTGAAAGAATGTGGTTATAGCGGTCTGAGCATTGAAAGCGTTGCACGTCGTGCCGGTGCAAGCAAACCGACCATTTATCGTTGGTGGACCAATAAAGCAGCACTGATTGCCGAAGTGTATGAAAATGAAAGCGAACAGGTGCGTAAATTTCCGGATCTGGGTAGCTTTAAAGCCGATCTGGATTTTCTGCTGCGTAATCTGTGGAAAGTTTGGCGTGAAACCATTTGTGGTGAAGCATTTCGTTGTGTTATTGCAGAAGCACAGCTGGACCCTGCAACCCTGACCCAGCTGAAAGATCAGTTTATGGAACGTCGTCGTGAGATGCCGAAAAAACTGGTTGAAAATGCCATTAGCAATGGTGAACTGCCGAAAGATACCAATCGTGAACTGCTGCTGGATATGATTTTTGGTTTTTGTTGGTATCGCCTGCTGACCGAACAGCTGACCGTTGAACAGGATATTGAAGAATTTACCTTCCTGCTGATTAATGGTGTTTGTCCGGGTACACAGCGTTAA
ECK120033737,terminator,ggaaacacagAAAAAAGCCCGCACCTGACAGTGCGGGCTTTTTTTTTcgaccaaagg
pPhlF,promoter,CGACGTACGGTGGAAtctgattcgttaccaattgacATGATACGAAACGTACCGTATCGTTAAGGT
RiboJ60,ribozyme,CTGAAGTCGTCAAGTGCTGTGCTTGCACTTCTGATGAGGCAGTGATGCCGAAACGACCTCTACAAATAATTTTGTTTAA
Q1,rbs,GTAAGCCATGCCATTGGCTTTTGATAGAGGATAACTACTAG
QacR,cds,ATGAACCTGAAAGATAAAATTCTGGGCGTTGCCAAAGAACTGTTTATCAAAAATGGCTATAACGCAACCACCACCGGTGAAATTGTTAAACTGAGCGAAAGCAGCAAAGGCAATCTGTATTATCACTTTAAAACCAAAGAGAACCTGTTTCTGGAAATCCTGAACATCGAAGAAAGCAAATGGCAAGAGCAGTGGAAAAAAGAACAAATCAAATGCAAAACCAACCGCGAGAAATTCTATCTGTATAATGAACTGAGCCTGACCACCGAATATTACTATCCGCTGCAGAATGCCATCATCGAGTTTTATACCGAGTACTATAAAACCAACAGCATCAACGAGAAAATGAACAAACTGGAAAACAAATACATCGATGCCTACCACGTGATCTTTAAAGAAGGTAATCTGAACGGCGAATGGTGCATTAATGATGTTAATGCCGTGAGCAAAATTGCAGCAAATGCCGTTAATGGCATTGTTACCTTTACCCATGAGCAGAATATCAACGAACGCATTAAACTGATGAACAAATTCAGCCAGATCTTTCTGAATGGCCTGAGCAAATAA
ECK120010818,terminator,GTCAGTTTCACCTGTTTTACGTAAAAACCCGCTTCGGCGGGTTTTTACTTTTGG
pQacR,promoter,GGTATGGAAGCTATACGTTACCAATTGACAGCTAGCTCAGTCCTACTTTAGTATATAGACCGTGCGATCGGTCTATA
RiboJ60,ribozyme,CTGAAGTCGTCAAGTGCTGTGCTTGCACTTCTGATGAGGCAGTGATGCCGAAACGACCTCTACAAATAATTTTGTTTAA
Q2,rbs,GCCATGCCATTGGCTTTTGATAGAGGACAACTACTAG
QacR,cds,ATGAACCTGAAAGATAAAATTCTGGGCGTTGCCAAAGAACTGTTTATCAAAAATGGCTATAACGCAACCACCACCGGTGAAATTGTTAAACTGAGCGAAAGCAGCAAAGGCAATCTGTATTATCACTTTAAAACCAAAGAGAACCTGTTTCTGGAAATCCTGAACATCGAAGAAAGCAAATGGCAAGAGCAGTGGAAAAAAGAACAAATCAAATGCAAAACCAACCGCGAGAAATTCTATCTGTATAATGAACTGAGCCTGACCACCGAATATTACTATCCGCTGCAGAATGCCATCATCGAGTTTTATACCGAGTACTATAAAACCAACAGCATCAACGAGAAAATGAACAAACTGGAAAACAAATACATCGATGCCTACCACGTGATCTTTAAAGAAGGTAATCTGAACGGCGAATGGTGCATTAATGATGTTAATGCCGTGAGCAAAATTGCAGCAAATGCCGTTAATGGCATTGTTACCTTTACCCATGAGCAGAATATCAACGAACGCATTAAACTGATGAACAAATTCAGCCAGATCTTTCTGAATGGCCTGAGCAAATAA
ECK120010818,terminator,GTCAGTTTCACCTGTTTTACGTAAAAACCCGCTTCGGCGGGTTTTTACTTTTGG
pQacR,promoter,ggtatggaagctatacgttaccaattgacagctagctcagtccTACTTTAGTATATAGACCGTGCGATCGGTCTATA
ScmJ,ribozyme,agCGCTGTCTGTACTTGTATCAGTACACTGACGAGTCCCTAAAGGACGAAACACCGcctctacaaataattttgtttaa
R1,rbs,TTTAATTCGCGGAAGCGCAGAGATAAGGGGTATC
PsrA,cds,ATGGCACAGAGCGAAACCGTTGAACGTATTCTGGATGCAGCAGAACAGCTGTTTGCAGAACGTGGTTTTGCAGAAACCAGCCTGCGTCTGATTACCAGCAAAGCCGGTGTTAATCTGGCAGCAGTGAATTATCATTTTGGCAGCAAAAAAGCACTGATTCAGGCAGTTTTTAGCCGTTTTCTGGGTCCGTTTTGTGCAAGCCTGGAACGTGAACTGGAACGTCGTCAGGCACGTCCGGAACAGAAACCGAGCCTGGAAGAACTGCTGGAAATGCTGGTTGAACAGGCACTGGCAGTTCAGCCTCGTAGCAATAATGATCTGAGCATTTTTATGTGTCTGCTGGGTCTGGCATTTAGCCAGAGCCAGGGTCATCTGCGTCGTTATCTGGAAGATATGTATGGTAAAGTGTTCCGTCGTTATATGCTGCTGGTTAATGAAGCAGCACCGCGTGTTCCGCCTCTGGAACTGTTTTGGCGTGTTCATTTTATGCTGGGTGCAGCAGCATTTAGCATGAGCGGTATTAAAGCACTGCGTGCAATTGCAGAAACCGATTTTGGTATTAACACCAGCATTGAACAGGTTATGCGTCTGATGGTTCCGTTTCTGGCAGCAGGTATGCGTGCAGATAGCGGTGTTACCGATGAAGCAATGGCAGCAGCACAGCTGCGTCCGCGTAGCAAAACCAGCACCAGCGCAACCACCGCAAAAGCATAA
ECK120015440,terminator,tccggcaattAAAAAAGCGGCTAACCACGCCGCTTTTTTtacgtctgca
pPsrA,promoter,TGATCGAACGCTTCAAGGAACAAACGTTTGAttgacagctagctcagtcctaggtagagtgctagc
RiboJ10,ribozyme,CTGAAGCGCTCAACGGGTGTGCTTCCCGTTCTGATGAGTCCGTGAGGACGAAAGCGCCTCTACAAATAATTTTGTTTAA
S1,rbs,GAGTCTATGGACTATGTTTTCACAGAGGAGGTACCAGG
SrpR,cds,ATGGCACGTAAAACCGCAGCAGAAGCAGAAGAAACCCGTCAGCGTATTATTGATGCAGCACTGGAAGTTTTTGTTGCACAGGGTGTTAGTGATGCAACCCTGGATCAGATTGCACGTAAAGCCGGTGTTACCCGTGGTGCAGTTTATTGGCATTTTAATGGTAAACTGGAAGTTCTGCAGGCAGTTCTGGCAAGCCGTCAGCATCCGCTGGAACTGGATTTTACACCGGATCTGGGTATTGAACGTAGCTGGGAAGCAGTTGTTGTTGCAATGCTGGATGCAGTTCATAGTCCGCAGAGCAAACAGTTTAGCGAAATTCTGATTTATCAGGGTCTGGATGAAAGCGGTCTGATTCATAATCGTATGGTTCAGGCAAGCGATCGTTTTCTGCAGTATATTCATCAGGTTCTGCGTCATGCAGTTACCCAGGGTGAACTGCCGATTAATCTGGATCTGCAGACCAGCATTGGTGTTTTTAAAGGTCTGATTACCGGTCTGCTGTATGAAGGTCTGCGTAGCAAAGATCAGCAGGCACAGATTATCAAAGTTGCACTGGGTAGCTTTTGGGCACTGCTGCGTGAACCGCCTCGTTTTCTGCTGTGTGAAGAAGCACAGATTAAACAGGTGAAATCCTTCGAATAA
ECK120019600,terminator,TTCAGCCAAAAAACTTAAGACCGCCGGTCTTGTCCACTACCTTGCAGTAATGCGGTGGACAGGATCGGCGGTTTTCTTTTCTCTTCTCAA
pSrpR,promoter,TCTATGATTGGTCCAGATTCGTTACCAATTGACAGCTAGCTCAGTCCTAGGTATATACATACATGCTTGTTTGTTTGTAAAC
RiboJ10,ribozyme,CTGAAGCGCTCAACGGGTGTGCTTCCCGTTCTGATGAGTCCGTGAGGACGAAAGCGCCTCTACAAATAATTTTGTTTAA
S2,rbs,GAGTCTATGGACTATGTTTTCACATATGAGATACCAGG
SrpR,cds,ATGGCACGTAAAACCGCAGCAGAAGCAGAAGAAACCCGTCAGCGTATTATTGATGCAGCACTGGAAGTTTTTGTTGCACAGGGTGTTAGTGATGCAACCCTGGATCAGATTGCACGTAAAGCCGGTGTTACCCGTGGTGCAGTTTATTGGCATTTTAATGGTAAACTGGAAGTTCTGCAGGCAGTTCTGGCAAGCCGTCAGCATCCGCTGGAACTGGATTTTACACCGGATCTGGGTATTGAACGTAGCTGGGAAGCAGTTGTTGTTGCAATGCTGGATGCAGTTCATAGTCCGCAGAGCAAACAGTTTAGCGAAATTCTGATTTATCAGGGTCTGGATGAAAGCGGTCTGATTCATAATCGTATGGTTCAGGCAAGCGATCGTTTTCTGCAGTATATTCATCAGGTTCTGCGTCATGCAGTTACCCAGGGTGAACTGCCGATTAATCTGGATCTGCAGACCAGCATTGGTGTTTTTAAAGGTCTGATTACCGGTCTGCTGTATGAAGGTCTGCGTAGCAAAGATCAGCAGGCACAGATTATCAAAGTTGCACTGGGTAGCTTTTGGGCACTGCTGCGTGAACCGCCTCGTTTTCTGCTGTGTGAAGAAGCACAGATTAAACAGGTGAAATCCTTCGAATAA
ECK120029600,terminator,TTCAGCCAAAAAACTTAAGACCGCCGGTCTTGTCCACTACCTTGCAGTAATGCGGTGGACAGGATCGGCGGTTTTCTTTTCTCTTCTCAA
pSrpR,promoter,TCTATGATTGGTCCAGATTCGTTACCAATTGACAGCTAGCTCAGTCCTAGGTATATACATACATGCTTGTTTGTTTGTAAAC
RiboJ10,ribozyme,CTGAAGCGCTCAACGGGTGTGCTTCCCGTTCTGATGAGTCCGTGAGGACGAAAGCGCCTCTACAAATAATTTTGTTTAA
S3,rbs,GAGTCTATGGACTATGTTTTCACAAAGGAAGTACCAGG
SrpR,cds,ATGGCACGTAAAACCGCAGCAGAAGCAGAAGAAACCCGTCAGCGTATTATTGATGCAGCACTGGAAGTTTTTGTTGCACAGGGTGTTAGTGATGCAACCCTGGATCAGATTGCACGTAAAGCCGGTGTTACCCGTGGTGCAGTTTATTGGCATTTTAATGGTAAACTGGAAGTTCTGCAGGCAGTTCTGGCAAGCCGTCAGCATCCGCTGGAACTGGATTTTACACCGGATCTGGGTATTGAACGTAGCTGGGAAGCAGTTGTTGTTGCAATGCTGGATGCAGTTCATAGTCCGCAGAGCAAACAGTTTAGCGAAATTCTGATTTATCAGGGTCTGGATGAAAGCGGTCTGATTCATAATCGTATGGTTCAGGCAAGCGATCGTTTTCTGCAGTATATTCATCAGGTTCTGCGTCATGCAGTTACCCAGGGTGAACTGCCGATTAATCTGGATCTGCAGACCAGCATTGGTGTTTTTAAAGGTCTGATTACCGGTCTGCTGTATGAAGGTCTGCGTAGCAAAGATCAGCAGGCACAGATTATCAAAGTTGCACTGGGTAGCTTTTGGGCACTGCTGCGTGAACCGCCTCGTTTTCTGCTGTGTGAAGAAGCACAGATTAAACAGGTGAAATCCTTCGAATAA
ECK120029600,terminator,TTCAGCCAAAAAACTTAAGACCGCCGGTCTTGTCCACTACCTTGCAGTAATGCGGTGGACAGGATCGGCGGTTTTCTTTTCTCTTCTCAA
pSrpR,promoter,TCTATGATTGGTCCAGATTCGTTACCAATTGACAGCTAGCTCAGTCCTAGGTATATACATACATGCTTGTTTGTTTGTAAAC
RiboJ10,ribozyme,CTGAAGCGCTCAACGGGTGTGCTTCCCGTTCTGATGAGTCCGTGAGGACGAAAGCGCCTCTACAAATAATTTTGTTTAA
S4,rbs,CTATGGACTATGTTTTCACACAGGAAATACCAGG
SrpR,cds,ATGGCACGTAAAACCGCAGCAGAAGCAGAAGAAACCCGTCAGCGTATTATTGATGCAGCACTGGAAGTTTTTGTTGCACAGGGTGTTAGTGATGCAACCCTGGATCAGATTGCACGTAAAGCCGGTGTTACCCGTGGTGCAGTTTATTGGCATTTTAATGGTAAACTGGAAGTTCTGCAGGCAGTTCTGGCAAGCCGTCAGCATCCGCTGGAACTGGATTTTACACCGGATCTGGGTATTGAACGTAGCTGGGAAGCAGTTGTTGTTGCAATGCTGGATGCAGTTCATAGTCCGCAGAGCAAACAGTTTAGCGAAATTCTGATTTATCAGGGTCTGGATGAAAGCGGTCTGATTCATAATCGTATGGTTCAGGCAAGCGATCGTTTTCTGCAGTATATTCATCAGGTTCTGCGTCATGCAGTTACCCAGGGTGAACTGCCGATTAATCTGGATCTGCAGACCAGCATTGGTGTTTTTAAAGGTCTGATTACCGGTCTGCTGTATGAAGGTCTGCGTAGCAAAGATCAGCAGGCACAGATTATCAAAGTTGCACTGGGTAGCTTTTGGGCACTGCTGCGTGAACCGCCTCGTTTTCTGCTGTGTGAAGAAGCACAGATTAAACAGGTGAAATCCTTCGAATAA
ECK120029600,terminator,TTCAGCCAAAAAACTTAAGACCGCCGGTCTTGTCCACTACCTTGCAGTAATGCGGTGGACAGGATCGGCGGTTTTCTTTTCTCTTCTCAA
pSrpR,promoter,TCTATGATTGGTCCAGATTCGTTACCAATTGACAGCTAGCTCAGTCCTAGGTATATACATACATGCTTGTTTGTTTGTAAAC
F_scar,scar,CGCT
E_scar,scar,GCTT
D_scar,scar,AGGT
C_scar,scar,AATG
B_scar,scar,TACG
A_scar,scar,GGAG
Y_scar,scar,ATTG
X_scar,scar,TGTC
V_scar,scar,TCTG
U_scar,scar,GGGC
R_scar,scar,GTAA
Q_scar,scar,GAGT
P_scar,scar,CCTA
O_scar,scar,ATGC
G_scar,scar,ATAG
