name,type,dnasequence
UAS,stub,agtttatcattatcaatactcgccatttcaaagaatacgtaaataattaatagtagtgattttcctaactttatttagtcaaaaaattagccttttaattctgctgtaacccgtacatgcccaaaatagggggcgggttacacagaatatataacatcgtaggtgtctgggtgaacagtttattcctggcatccactaaatataatggagcccgctttttaagctggcatccagaaaaaaaaagaatcccagcaccaaaatattgttttcttcaccaaccatcagttcataggtccattctcttagcgcaactacagagaacaggggcacaaacaggcaaaaaacgggcacaacctcaatggagtgatgcaacctgcctggagtaaatgatgacacaaggcaattgacccacgcatgtatctatctcattttcttacaccttctattaccttctgctctctctgatttggaaaaagctgaaaaaaaaggttgaaaccagttccctgaaattattcccctacttgactaataagtaa
LinkingSequence,stub,attcctgcagcccgggtactgtat
Codon1,stub,tgg
TataBox,stub,catgcatgtgctctgtatgtatataaaactcttgttttcttcttttctctaaatattcttt
Codon2,stub,cct
tss,stub,gcataaattactatacttctatagacacacaaacacaaatacacacactaatctagatattggattctagaactagtggatctac
Kozak,stub,aaa
r1,stub,GGAACGTGATTGAATAACTT
r2,stub,ACCAACGCAAAAAGATTTAG
r3,stub,CATTGCCATACACCTTGAGG
r4,stub,GAAAATCACAACTCTACTGA
r5,stub,GAAGTCAGTTGACAGAGTCG
r6,stub,GTGGTAACTTGCTCCATGTC
r7,stub,CTTTACGTATAGGTTTAGAG
r8,stub,CGCATTTCCTATTCAAACTT
r9,stub,GCAACCCACAAATATCCAGT
r10,stub,GTGACATAAACATTCGACTC
r11,stub,GGGCAAAGAGACGCTTGTCG
r12,stub,GAAGTCATCGCTTCTTGTCG
r13,stub,GAGTTGACAAAGTATAACTT
r14,stub,GAAGTTTCAGAATCTCGACG
r15,stub,GGCTAGGATCCATCTGACTT
r16,stub,GCAACCATAGACTCTCCAGG
r17,stub,ACCACAACTGAGTCGAACCT
r18,stub,GGGTAGCAACACTCGTACTT
r19,stub,GTAAAAGATAACTCTGTTGC
r20,stub,TCTACCCGAGACTCAAACGG
RGR_1,cds,ggattctagaactagtggatctacaaaTTTACACAGTGGGACGGGCCATCATCTATCCCTGAAGAGACGAAGGCTTCGGCCAAGTCGAAACGGAAACGTCGGATAGTCGCCCGTCCCACACGGAACGTGATTGAATAACTTgttttagagctagaaatagcaagttaaaataaggctagtccgttatcaacttgaaaaagtggcaccgagtcggtgcttttggccggcatggtcccagcctcctcgctggcgccggctgggcaacatgcttcggcatggcgaatgggactgataccgtcgacctcgagtc
RGR_2,cds,ggattctagaactagtggatctacaaaTTTACACAGTGGGACGGGCCATCATCTATCCCTGAAGAGACGAAGGCTTCGGCCAAGTCGAAACGGAAACGTCGGATAGTCGCCCGTCCCACACACCAACGCAAAAAGATTTAGgttttagagctagaaatagcaagttaaaataaggctagtccgttatcaacttgaaaaagtggcaccgagtcggtgcttttggccggcatggtcccagcctcctcgctggcgccggctgggcaacatgcttcggcatggcgaatgggactgataccgtcgacctcgagtc
RGR_3,cds,ggattctagaactagtggatctacaaaTTTACACAGTGGGACGGGCCATCATCTATCCCTGAAGAGACGAAGGCTTCGGCCAAGTCGAAACGGAAACGTCGGATAGTCGCCCGTCCCACACCATTGCCATACACCTTGAGGgttttagagctagaaatagcaagttaaaataaggctagtccgttatcaacttgaaaaagtggcaccgagtcggtgcttttggccggcatggtcccagcctcctcgctggcgccggctgggcaacatgcttcggcatggcgaatgggactgataccgtcgacctcgagtc
RGR_4,cds,ggattctagaactagtggatctacaaaTTTACACAGTGGGACGGGCCATCATCTATCCCTGAAGAGACGAAGGCTTCGGCCAAGTCGAAACGGAAACGTCGGATAGTCGCCCGTCCCACACGAAAATCACAACTCTACTGAgttttagagctagaaatagcaagttaaaataaggctagtccgttatcaacttgaaaaagtggcaccgagtcggtgcttttggccggcatggtcccagcctcctcgctggcgccggctgggcaacatgcttcggcatggcgaatgggactgataccgtcgacctcgagtc
RGR_5,cds,ggattctagaactagtggatctacaaaTTTACACAGTGGGACGGGCCATCATCTATCCCTGAAGAGACGAAGGCTTCGGCCAAGTCGAAACGGAAACGTCGGATAGTCGCCCGTCCCACACGAAGTCAGTTGACAGAGTCGgttttagagctagaaatagcaagttaaaataaggctagtccgttatcaacttgaaaaagtggcaccgagtcggtgcttttggccggcatggtcccagcctcctcgctggcgccggctgggcaacatgcttcggcatggcgaatgggactgataccgtcgacctcgagtc
RGR_6,cds,ggattctagaactagtggatctacaaaTTTACACAGTGGGACGGGCCATCATCTATCCCTGAAGAGACGAAGGCTTCGGCCAAGTCGAAACGGAAACGTCGGATAGTCGCCCGTCCCACACGTGGTAACTTGCTCCATGTCgttttagagctagaaatagcaagttaaaataaggctagtccgttatcaacttgaaaaagtggcaccgagtcggtgcttttggccggcatggtcccagcctcctcgctggcgccggctgggcaacatgcttcggcatggcgaatgggactgataccgtcgacctcgagtc
RGR_7,cds,ggattctagaactagtggatctacaaaTTTACACAGTGGGACGGGCCATCATCTATCCCTGAAGAGACGAAGGCTTCGGCCAAGTCGAAACGGAAACGTCGGATAGTCGCCCGTCCCACACCTTTACGTATAGGTTTAGAGgttttagagctagaaatagcaagttaaaataaggctagtccgttatcaacttgaaaaagtggcaccgagtcggtgcttttggccggcatggtcccagcctcctcgctggcgccggctgggcaacatgcttcggcatggcgaatgggactgataccgtcgacctcgagtc
RGR_8,cds,ggattctagaactagtggatctacaaaTTTACACAGTGGGACGGGCCATCATCTATCCCTGAAGAGACGAAGGCTTCGGCCAAGTCGAAACGGAAACGTCGGATAGTCGCCCGTCCCACACCGCATTTCCTATTCAAACTTgttttagagctagaaatagcaagttaaaataaggctagtccgttatcaacttgaaaaagtggcaccgagtcggtgcttttggccggcatggtcccagcctcctcgctggcgccggctgggcaacatgcttcggcatggcgaatgggactgataccgtcgacctcgagtc
RGR_9,cds,ggattctagaactagtggatctacaaaTTTACACAGTGGGACGGGCCATCATCTATCCCTGAAGAGACGAAGGCTTCGGCCAAGTCGAAACGGAAACGTCGGATAGTCGCCCGTCCCACACGCAACCCACAAATATCCAGTgttttagagctagaaatagcaagttaaaataaggctagtccgttatcaacttgaaaaagtggcaccgagtcggtgcttttggccggcatggtcccagcctcctcgctggcgccggctgggcaacatgcttcggcatggcgaatgggactgataccgtcgacctcgagtc
RGR_10,cds,ggattctagaactagtggatctacaaaTTTACACAGTGGGACGGGCCATCATCTATCCCTGAAGAGACGAAGGCTTCGGCCAAGTCGAAACGGAAACGTCGGATAGTCGCCCGTCCCACACGTGACATAAACATTCGACTCgttttagagctagaaatagcaagttaaaataaggctagtccgttatcaacttgaaaaagtggcaccgagtcggtgcttttggccggcatggtcccagcctcctcgctggcgccggctgggcaacatgcttcggcatggcgaatgggactgataccgtcgacctcgagtc
RGR_11,cds,ggattctagaactagtggatctacaaaTTTACACAGTGGGACGGGCCATCATCTATCCCTGAAGAGACGAAGGCTTCGGCCAAGTCGAAACGGAAACGTCGGATAGTCGCCCGTCCCACACGGGCAAAGAGACGCTTGTCGgttttagagctagaaatagcaagttaaaataaggctagtccgttatcaacttgaaaaagtggcaccgagtcggtgcttttggccggcatggtcccagcctcctcgctggcgccggctgggcaacatgcttcggcatggcgaatgggactgataccgtcgacctcgagtc
RGR_12,cds,ggattctagaactagtggatctacaaaTTTACACAGTGGGACGGGCCATCATCTATCCCTGAAGAGACGAAGGCTTCGGCCAAGTCGAAACGGAAACGTCGGATAGTCGCCCGTCCCACACGAAGTCATCGCTTCTTGTCGgttttagagctagaaatagcaagttaaaataaggctagtccgttatcaacttgaaaaagtggcaccgagtcggtgcttttggccggcatggtcccagcctcctcgctggcgccggctgggcaacatgcttcggcatggcgaatgggactgataccgtcgacctcgagtc
RGR_13,cds,ggattctagaactagtggatctacaaaTTTACACAGTGGGACGGGCCATCATCTATCCCTGAAGAGACGAAGGCTTCGGCCAAGTCGAAACGGAAACGTCGGATAGTCGCCCGTCCCACACGAGTTGACAAAGTATAACTTgttttagagctagaaatagcaagttaaaataaggctagtccgttatcaacttgaaaaagtggcaccgagtcggtgcttttggccggcatggtcccagcctcctcgctggcgccggctgggcaacatgcttcggcatggcgaatgggactgataccgtcgacctcgagtc
RGR_14,cds,ggattctagaactagtggatctacaaaTTTACACAGTGGGACGGGCCATCATCTATCCCTGAAGAGACGAAGGCTTCGGCCAAGTCGAAACGGAAACGTCGGATAGTCGCCCGTCCCACACGAAGTTTCAGAATCTCGACGgttttagagctagaaatagcaagttaaaataaggctagtccgttatcaacttgaaaaagtggcaccgagtcggtgcttttggccggcatggtcccagcctcctcgctggcgccggctgggcaacatgcttcggcatggcgaatgggactgataccgtcgacctcgagtc
RGR_15,cds,ggattctagaactagtggatctacaaaTTTACACAGTGGGACGGGCCATCATCTATCCCTGAAGAGACGAAGGCTTCGGCCAAGTCGAAACGGAAACGTCGGATAGTCGCCCGTCCCACACGGCTAGGATCCATCTGACTTgttttagagctagaaatagcaagttaaaataaggctagtccgttatcaacttgaaaaagtggcaccgagtcggtgcttttggccggcatggtcccagcctcctcgctggcgccggctgggcaacatgcttcggcatggcgaatgggactgataccgtcgacctcgagtc
RGR_16,cds,ggattctagaactagtggatctacaaaTTTACACAGTGGGACGGGCCATCATCTATCCCTGAAGAGACGAAGGCTTCGGCCAAGTCGAAACGGAAACGTCGGATAGTCGCCCGTCCCACACGCAACCATAGACTCTCCAGGgttttagagctagaaatagcaagttaaaataaggctagtccgttatcaacttgaaaaagtggcaccgagtcggtgcttttggccggcatggtcccagcctcctcgctggcgccggctgggcaacatgcttcggcatggcgaatgggactgataccgtcgacctcgagtc
RGR_17,cds,ggattctagaactagtggatctacaaaTTTACACAGTGGGACGGGCCATCATCTATCCCTGAAGAGACGAAGGCTTCGGCCAAGTCGAAACGGAAACGTCGGATAGTCGCCCGTCCCACACACCACAACTGAGTCGAACCTgttttagagctagaaatagcaagttaaaataaggctagtccgttatcaacttgaaaaagtggcaccgagtcggtgcttttggccggcatggtcccagcctcctcgctggcgccggctgggcaacatgcttcggcatggcgaatgggactgataccgtcgacctcgagtc
RGR_18,cds,ggattctagaactagtggatctacaaaTTTACACAGTGGGACGGGCCATCATCTATCCCTGAAGAGACGAAGGCTTCGGCCAAGTCGAAACGGAAACGTCGGATAGTCGCCCGTCCCACACGGGTAGCAACACTCGTACTTgttttagagctagaaatagcaagttaaaataaggctagtccgttatcaacttgaaaaagtggcaccgagtcggtgcttttggccggcatggtcccagcctcctcgctggcgccggctgggcaacatgcttcggcatggcgaatgggactgataccgtcgacctcgagtc
RGR_19,cds,ggattctagaactagtggatctacaaaTTTACACAGTGGGACGGGCCATCATCTATCCCTGAAGAGACGAAGGCTTCGGCCAAGTCGAAACGGAAACGTCGGATAGTCGCCCGTCCCACACGTAAAAGATAACTCTGTTGCgttttagagctagaaatagcaagttaaaataaggctagtccgttatcaacttgaaaaagtggcaccgagtcggtgcttttggccggcatggtcccagcctcctcgctggcgccggctgggcaacatgcttcggcatggcgaatgggactgataccgtcgacctcgagtc
RGR_20,cds,ggattctagaactagtggatctacaaaTTTACACAGTGGGACGGGCCATCATCTATCCCTGAAGAGACGAAGGCTTCGGCCAAGTCGAAACGGAAACGTCGGATAGTCGCCCGTCCCACACTCTACCCGAGACTCAAACGGgttttagagctagaaatagcaagttaaaataaggctagtccgttatcaacttgaaaaagtggcaccgagtcggtgcttttggccggcatggtcccagcctcctcgctggcgccggctgggcaacatgcttcggcatggcgaatgggactgataccgtcgacctcgagtc
